<?xml version="1.0" encoding="UTF-8"?>
<EmailTemplate xmlns="http://soap.sforce.com/2006/04/metadata">
    <available>true</available>
    <description>Training template to use when getting a request internally (sales, support ect..) for a client.</description>
    <encodingKey>ISO-8859-1</encodingKey>
    <letterhead>Client_Services_LetterHead</letterhead>
    <name>Internal Training Request</name>
    <style>freeForm</style>
    <subject>Cision Training - {!Account.Name}</subject>
    <textOnly>Hi {!Contact.FirstName} -

I hope this finds you well! My name is {!Case.OwnerFirstName} and I am a Training Consultant here at Cision. My colleague, {ENTER REQUESTOR NAME} (cc’d here), let me know that you are interested in scheduling a training on your CisionPoint account! When you have a moment, can you please reply to this note with the following information?

Day/time(s) that you have in mind for the training (the session will last 1 hour)*
Your current timezone
Areas of CisionPoint that you would like to cover (ex: List Building, Monitoring, etc)
How many people will be attending the session

*Please note that our team works on a first come, first served basis. If you are interested in locking-in the above time, please let us know as soon as possible.

I look forward to scheduling the training with you!

Best,
{!Case.OwnerFullName}</textOnly>
    <type>html</type>
</EmailTemplate>
