<?xml version="1.0" encoding="UTF-8"?>
<EmailTemplate xmlns="http://soap.sforce.com/2006/04/metadata">
    <available>true</available>
    <description>Kicked off when a Credit for Existing Services Quote request comes in</description>
    <encodingKey>ISO-8859-1</encodingKey>
    <name>Credit for Existing Services Quote</name>
    <style>none</style>
    <subject>Credit for Existing Services - {!Credit_for_Existing_Services_Quote__c.Account_Name__c}</subject>
    <type>text</type>
</EmailTemplate>
