<?xml version="1.0" encoding="UTF-8"?>
<EmailTemplate xmlns="http://soap.sforce.com/2006/04/metadata">
    <available>true</available>
    <encodingKey>ISO-8859-1</encodingKey>
    <name>Email Billing to finish Tax Exempt</name>
    <style>none</style>
    <subject>{!Opportunity.Account} ({!Opportunity.GP_Cust_ID__c}): Finish Tax Exempt Setup</subject>
    <textOnly>Hi  

This Account can now be setup in TaxWare.  

You can see the original Opp here:  {!Opportunity.Link}</textOnly>
    <type>custom</type>
</EmailTemplate>
