<?xml version="1.0" encoding="UTF-8"?>
<EmailTemplate xmlns="http://soap.sforce.com/2006/04/metadata">
    <available>true</available>
    <description>Approval request sent to approver.</description>
    <encodingKey>ISO-8859-1</encodingKey>
    <name>Quote Approval Request Notification</name>
    <style>none</style>
    <subject>{!Account.Name} - Quote #{!SBQQ__Quote__c.Name} - A Quote from {!User.FirstName} {!User.LastName} needs your Approval</subject>
    <type>text</type>
</EmailTemplate>
