<?xml version="1.0" encoding="UTF-8"?>
<EmailTemplate xmlns="http://soap.sforce.com/2006/04/metadata">
    <available>true</available>
    <description>This Email gets Sent if a Case has not been picked up after 5 days</description>
    <encodingKey>ISO-8859-1</encodingKey>
    <name>Case 5 Day Alert</name>
    <style>none</style>
    <subject>Long time no see, remember to finish me!</subject>
    <textOnly>Hi {!Case.OwnerFullName}

Case Number {!Case.CaseNumber}
Subject {!Case.Subject}

Has been opened for 5 days. Please review this Case by clicking on the link below

{!Case.Link}

Many Thanks</textOnly>
    <type>custom</type>
</EmailTemplate>
