<?xml version="1.0" encoding="UTF-8"?>
<EmailTemplate xmlns="http://soap.sforce.com/2006/04/metadata">
    <available>true</available>
    <description>This Email gets sent to Sales Support once a Case has been assigned to a user</description>
    <encodingKey>ISO-8859-1</encodingKey>
    <name>Sales Support Case Assigned</name>
    <style>none</style>
    <subject>New Sales Support Case from {!Case.CreatedBy}: {!Case.Subject}</subject>
    <textOnly>Hi Sales Support!

You have a new case awaiting your expertise!

Please click on the link below to view the details of the Case

{!Case.Link}</textOnly>
    <type>custom</type>
</EmailTemplate>
