<?xml version="1.0" encoding="UTF-8"?>
<EmailTemplate xmlns="http://soap.sforce.com/2006/04/metadata">
    <available>true</available>
    <description>This Email template is used by the Training Auto Response Rules for Cases</description>
    <encodingKey>ISO-8859-1</encodingKey>
    <letterhead>Client_Services_LetterHead</letterhead>
    <name>Training Auto Response</name>
    <style>freeForm</style>
    <subject>Thank you for contacting Cision Client Training Team!</subject>
    <textOnly>Thank you for contacting Cision Training. We have received your email message and a member of the Client Training team will be in touch. 

If your need is urgent please contact Cision Customer Support at:

U.S. Customer Support: 800.588.3827
Canadian Customer Support: 877.269.3367


Thank you.

Cision Client Training Team

training.us@cision.com | training.ca@cision.com

Cision. Power Your Story.</textOnly>
    <type>html</type>
</EmailTemplate>
