<?xml version="1.0" encoding="UTF-8"?>
<EmailTemplate xmlns="http://soap.sforce.com/2006/04/metadata">
    <available>true</available>
    <description>An Email that gets sent to the Owner of a Case if it has not been touched in 4 Hours</description>
    <encodingKey>ISO-8859-1</encodingKey>
    <name>Training 4Hr Escalation</name>
    <style>none</style>
    <subject>Urgent - case waiting your response</subject>
    <textOnly>Hi {!Case.OwnerFullName}

There is a Case awaiting your response

Contact {!Case.Contact}
Account {!Case.Account}
Subject {!Case.Subject}
Description {!Case.Description}

{!Case.Link}

Thanks</textOnly>
    <type>custom</type>
</EmailTemplate>
